Lx,Ly,Lz,Rx,Ry,Rz
16112,1332,3804,16576,-1048,1264
16180,1448,3436,16484,-940,1200
16172,1164,3300,16644,-936,1116
16160,1344,3260,16640,-820,1008
16160,1312,3332,16592,-952,1072
16176,1296,3444,16512,-992,1076
16176,1556,3444,16608,-768,1336
16308,1312,3700,16492,-712,1092
16076,1488,3524,16532,-1024,1416
16376,1208,3564,16752,-1004,1272
16124,1416,3712,16664,-544,1428
16128,1636,4040,16584,-760,984
15956,1564,3612,16520,-764,796
16440,1428,2820,16640,-480,648
16324,1604,3288,16628,-712,1076
16184,936,3652,16316,-1300,1616
16288,892,3036,16644,-840,1100
16380,1208,2852,16596,-936,1572
16268,1300,3384,16516,-1084,1808
16188,1312,3680,16580,-924,1584
16140,980,3324,16596,-1192,1672
16252,1180,3008,16492,-1060,1492
16220,1184,3512,16572,-1268,1716
16144,1060,3452,16540,-1216,1748
16220,1136,3664,16492,-1272,1736
16096,1068,3700,16444,-1196,1716
16268,1032,3680,16540,-1252,1960
16212,956,3628,16436,-1508,1920
16008,1148,3784,16424,-1376,1828
16424,1052,4296,16524,-1276,2176
16020,1268,4180,16440,-1348,2160
16352,1004,4084,16500,-1336,1784
16164,1152,3680,16540,-1400,1892
16172,988,3716,16564,-1264,1896
16164,888,3772,16468,-1428,1800
16080,864,3756,16472,-1480,1900
16188,1096,3852,16520,-1412,1992
16192,1180,3864,16464,-1292,1856
16240,1148,4116,16448,-1276,1776
16236,1088,3912,16516,-1128,1816
16100,1164,3888,16484,-1300,1932
16196,1072,3788,16412,-1188,1784
16184,1260,3752,16388,-1276,1884
16136,1172,3860,16596,-1128,1800
16112,1212,3744,16480,-1180,1784
16172,1216,3628,16508,-1164,1812
16148,1264,3676,16472,-1256,1744
16080,1264,3792,16544,-1084,1612
16184,1224,3736,16516,-1124,1792
16176,1276,3828,16508,-1016,1764
16152,1200,3708,16552,-1168,1720
16188,1084,3936,16420,-1316,1720
16036,1080,3696,16560,-1280,1672
16352,1084,3604,16516,-1188,1628
16004,896,4040,16504,-1364,1928
16292,1948,4088,16552,-1132,2028
16156,424,4304,16588,-1388,2084
16240,1324,3384,16440,-1264,1408
16104,-2060,3116,17852,-3016,3068
15788,-2576,3704,14456,-2888,4156
15852,-2436,5124,16444,1784,5552
16076,-1804,6352,16736,-1988,4388
16748,-120,6196,14596,-2588,3644
16660,-1784,5128,16172,-1944,3372
16324,-2924,3504,13456,-3968,-1592
16620,-1212,5736,13068,-520,-424
17008,-1308,3336,22344,-8516,-4656
18388,-1624,-1928,14744,-804,-3040
18476,3356,2992,17600,2096,4076
18276,-7144,12640,16616,-2752,3160
11268,1044,13548,16700,1144,-1040
10816,-568,14856,16604,-836,468
11088,3640,12796,15356,-2388,1368
12152,-2208,12980,16440,3596,1696
14576,576,11352,16508,-1588,148
16296,1772,6468,15852,2024,-572
14436,1988,5948,15748,-2416,184
13580,-1912,-308,18492,-2652,2860
15256,-4212,8964,18896,-4148,-24
16624,1912,2760,20908,-4060,-4516
16760,-5872,2092,18084,-11484,-1000
14580,-2856,-324,21072,3488,5588
15820,1668,600,14992,2556,9448
16024,-2928,-792,12544,-4948,8788
16160,-1444,2684,8648,-5212,10468
15844,-2308,3988,10556,-6096,10616
15860,-3584,3616,13708,140,10304
15868,-1788,3976,14528,-4644,9872
16508,-736,4540,17448,-1448,5420
17408,-1496,3704,15892,-2908,3372
17792,-1824,3924,12016,-1056,-4508
18576,-1976,4036,13960,2116,4084
20176,-2928,684,32767,-6180,-1192
19212,6832,-3408,17852,-1324,3144
23396,-8632,9648,14620,-2716,-356
12316,-2952,12204,17344,-388,200
10816,2228,13208,17240,1144,1312
8580,-2228,14072,16940,424,1188
12236,2876,13204,16640,-1044,992
13192,1480,13912,16036,-200,684
16356,192,12936,16480,420,-28
15632,4444,9520,16360,-620,-864
15588,-3216,5728,18296,-4880,3364
11296,1672,6240,17452,-1848,-1396
32767,-14036,3708,21332,-8296,-3272
20716,-10624,5548,23596,-3740,-7368
14488,-3740,-200,24976,4064,7864
14836,-2492,-328,9448,-4220,14472
15516,-2236,8,10364,-3268,10412
15852,-3024,1944,8992,-1244,10964
15788,-1716,5220,12632,-1456,10876
15808,-3120,2636,14732,-4260,10884
15568,-4236,2744,14228,-1440,10112
16204,-2596,4424,15456,-4660,7708
17104,-3076,3164,15392,-352,2908
17024,-1968,3104,13676,-356,3676
18008,-1720,5240,28132,-9472,-9828
17044,-1724,3484,14072,-4636,-628
18724,3996,704,17208,-3776,3836
21428,-5724,10060,16072,-1124,2648
11572,-2928,13316,16628,1092,-1248
11076,1856,13184,15940,-1464,-1964
7468,-1300,12848,16540,-2748,1028
12052,3324,11904,16760,1256,-620
12492,2596,12748,16584,72,876
15188,-4,11304,16756,-1828,2288
16524,680,7596,17108,-2852,1960
15704,-936,7088,18040,-1988,2848
9128,-1728,-1360,20720,-3708,572
32392,-2828,-4652,15984,-928,1888
16984,7368,1376,20688,-6848,-5240
15644,-1352,740,20208,1064,1552
16756,-2316,1812,21384,11300,5756
16080,-5176,92,12244,-3844,9988
15684,-2380,324,9356,-3440,13444
15972,-1760,5116,10660,-4708,10344
15556,-2644,2320,8928,-4680,11660
16124,-1684,4604,13428,-2740,11576
17072,-588,3272,14776,-1688,11784
17616,-1404,3420,17412,-252,6160
16612,-3608,2168,8524,-704,344
19548,-3440,3216,32767,-14508,-15156
20344,5516,-1104,19020,-6088,4772
22496,-9000,12240,17300,-6244,2444
8172,-2532,15620,19032,7888,2504
10836,1464,11328,16052,-3556,1284
5812,-1244,14524,17892,2088,-32
8460,1168,14548,15160,-3560,640
11844,3428,14720,14788,1924,1652
13616,-1376,11468,17364,-3388,1636
17956,528,5912,16708,928,120
13180,4352,-332,15884,-2600,2556
12544,-3284,4828,17416,-1700,1288
22140,-2248,3180,15488,-1592,1912
14264,6136,776,18532,-6160,-1220
15908,-4652,2260,18184,-2968,-96
16316,-3996,1384,19496,7740,8580
16748,-316,1048,11492,-7660,9076
16876,-4368,2924,9936,-4776,11016
16212,-536,3808,11972,-3044,11192
15060,-3628,2608,12108,-6476,11772
15964,-2704,2920,13544,-2780,10604
15748,-2072,4980,13680,-180,11112
14516,-2416,6592,13240,-2892,9960
15340,-772,6104,11876,-6180,6008
14252,-4948,2388,14864,-92,7560
18232,-2768,6300,16132,-14484,3580
17068,-1344,13008,19268,-5364,3884
12256,-1680,14116,15196,1124,6324
9952,-544,13080,16784,-1788,2520
11528,-2492,13744,15840,-4504,628
10876,4580,13748,16080,-1696,1340
11356,-632,13788,16416,-3224,880
10900,-1528,12940,15772,-4724,392
11392,-1384,11156,16072,-1940,3048
10696,-1940,11332,17588,916,1808
11912,-1692,9948,16236,3252,3988
10612,1364,20388,16140,2180,4816
5396,-16316,13664,17968,-1644,2836
21244,1468,11280,16840,1944,6544
14724,2296,12492,17708,1416,3196
11664,-10692,11636,15168,3576,5668
15128,1284,7772,15448,1116,6468
14100,-10952,8760,14288,1196,7896
16040,516,7680,19548,7752,4932
14388,-1984,7916,15940,-6508,5444
14132,-2100,8128,15632,-5248,2280
14612,1192,7556,14824,-3696,3456
15344,-3320,7040,15300,-3736,2692
15264,-1800,4984,13532,-7748,4260
15384,948,6360,19068,960,-1304
22044,3136,1328,9708,-15712,3504
13736,24,13364,17852,3704,4604
13072,-3652,18396,16512,-1816,2820
10204,-564,12024,16956,1208,2760
11208,4452,9748,16296,-1660,3220
9612,-5536,11352,16464,-392,1344
14700,2788,9764,14852,-780,2716
16916,1552,8376,16184,476,3028
17676,-3108,6528,16156,-1164,2264
15292,4044,3988,16296,-196,2444
15332,-3096,4284,16100,-3980,3836
14164,864,3240,17300,-2884,3592
14696,-2748,3272,19100,-1544,748
17220,228,4048,17208,-1780,224
12416,-64,-5320,18644,-4312,-1852
16548,2652,1328,22304,888,-344
17700,-3680,4512,21472,18280,8820
16836,-2024,2616,14284,-3520,8500
15648,-3180,2236,10164,-3540,10272
16052,-2504,2108,11368,-3508,12108
16480,-4536,6336,10752,-4264,11164
15552,-2516,2808,15660,-3524,11056
15776,-2812,3256,18040,-4892,9480
17816,-1328,-508,9596,176,4748
19340,2496,2152,16504,-1428,10528
23108,9400,-4,7952,-15128,7384
21012,-11444,13896,21860,6960,4836
7200,-3396,19016,13992,-3204,3060
9116,2404,13536,15920,2408,2532
5076,664,13120,16640,524,1220
9132,992,13860,15896,-552,308
11760,4212,14404,15440,1432,876
16812,104,11292,16640,-2000,676
15384,-848,6692,17692,-1220,216
12536,-764,372,17692,-2608,1452
14444,-6316,7916,16860,512,1220
14296,11840,1436,20608,-5496,-2692
16260,-6964,4608,20044,-1260,-3240
15516,2748,3472,24680,6264,6524
15800,-4672,856,14044,-5344,9336
14560,-2864,-384,10116,-636,10108
15280,-2296,3184,11144,-2272,10864
18952,-5880,4276,10484,-7308,10452
15964,-260,4280,15036,-972,11484
17380,-2552,3796,17328,-3152,7988
18060,-816,2116,14132,192,3908
20400,40,1520,11124,-2076,4660
27000,8684,-6912,17620,6208,1044
21060,-8912,11776,17472,2552,6700
10260,-10428,15904,16184,-2592,852
12148,6988,10488,17756,1124,2472
4820,-344,13000,16688,-2724,1332
9008,-1016,14288,16652,-1284,2640
10724,5596,15396,15788,2208,-596
15268,144,14216,15036,-1848,-1072
17056,-352,10060,16292,-2176,632
8548,-1884,5288,17564,-2540,-1496
31048,-15760,4668,25472,-11268,-6496
19972,-7512,8392,24400,5528,7204
11064,6252,6280,13776,7780,16220
14568,-5572,3084,7992,-11908,9040
15188,360,220,6732,1820,10864
16304,-3960,4788,5584,-588,14548
16240,440,3600,12584,-3808,12020
16728,-3164,3224,16888,404,9696
16180,-1340,948,12176,-2608,6856
17748,-120,1320,10120,-1504,3508
24192,-2612,1768,32767,5740,4868
22536,3548,1560,17744,-2576,7652
19916,-17900,11756,15348,-3280,1452
11996,5788,10048,17792,1816,2200
6296,124,13740,15388,-3888,1216
6756,744,12960,16540,916,-3008
9240,2476,13964,17540,-120,868
16464,3728,15512,16076,-708,-268
19504,-1624,11976,16592,-768,340
10036,1108,2628,17784,-3536,2620
14912,-2300,10236,18184,-1208,-2328
11932,5788,3804,23452,-12196,-9072
18144,-1352,4748,23568,5268,9880
17272,1852,2660,12548,4280,21068
15724,-6092,-480,10240,-8012,10476
15428,-2888,2008,6944,-2536,10376
15712,-1680,5308,11324,-4320,11208
15448,-1000,5316,11968,-5940,10888
17036,-1516,4584,16692,1300,10648
18276,-196,1036,14976,-2240,6648
18636,-468,1440,10752,-2368,3464
19704,-5572,1844,32767,-17180,-23800
24684,9108,-2220,18416,-8628,1572
22992,-22516,14840,18152,-2252,3792
9780,9380,13472,17496,-280,3788
6496,-1624,13708,16692,-676,4356
8648,1772,13472,16676,2476,984
10048,3164,14064,15656,-2540,1948
13456,1440,14520,15292,-512,900
17456,356,7772,21144,-1612,220
10076,1812,-656,16228,-2876,5504
21432,-5108,4536,18404,-2508,-1804
13424,11288,3472,24364,-8832,-11112
17200,-1948,3952,22708,4036,9456
16752,-2948,-44,12612,5300,15380
15988,-4596,-88,11756,-6828,10720
15772,-2932,1360,7520,-6932,11544
16680,-1452,5016,9768,-3004,12512
15952,-840,4528,14040,-4052,11368
16756,-1524,5024,15892,-1968,8660
17500,-1820,2748,16084,604,5344
18008,-1040,1924,11360,-2644,1392
20292,-3368,1352,32767,-22224,-24672
24624,3740,-1576,19452,-9764,4104
18852,-7404,17832,17300,-1084,3392
8512,5656,12140,20716,4820,2916
4948,2324,12508,16416,-3044,-1260
8672,1224,14784,15380,-248,-2160
10812,1876,15992,16528,-2480,676
13104,2096,15740,16768,-672,-264
15236,3004,11568,15872,-1248,-564
14892,-3748,5808,16036,-1232,340
12156,-3960,4560,17012,-4772,2380
28828,-9064,2352,19884,-2588,-4352
18044,-8344,-624,20764,-10156,-104
16984,16,4368,17360,7640,12800
16920,-2888,4648,10408,-3104,11308
15508,-4024,1904,11272,-228,9608
15892,-2728,1844,11944,-580,10816
16084,-3268,2364,13004,-2556,9676
16404,-2704,1164,13780,2332,9536
16348,-1580,1668,13516,416,8720
16308,-2160,2028,14084,1496,10244
16132,-360,1796,15052,1132,9372
16808,-1920,3724,12652,-6220,15352
17852,-48,276,25512,-11724,-1640
16912,484,4516,11288,-26100,4072
14608,1292,9652,18984,7124,3136
14216,648,7140,15396,-4364,2876
15244,1396,4576,16732,-764,576
16064,1120,4328,16596,68,2300
16552,-948,4460,15576,-6696,2496
16900,-3272,3428,17160,16,2636
16552,-2372,3992,16112,-4796,2472
16220,-2684,4196,16924,-884,2056
16304,-3076,3052,16604,-1112,1000
16196,-2532,2160,16016,-3932,1760
16868,-1084,2460,16516,-1716,524
17288,-684,1364,16420,-1844,448
17076,-1192,620,16520,-968,1300
17244,-1440,328,16552,-552,700
17740,-252,-1056,16268,-1308,488
16224,1424,-1372,17576,-760,716
15656,1764,992,16188,-1984,204
14420,456,-888,15664,-1620,464
14248,-1224,-1732,15508,-32,-196
11180,-3064,-212,15760,-4768,2300
13672,-3368,6752,16928,-3936,4416
13688,4176,8204,22312,-3504,-5664
18756,-3280,11752,24664,7280,624
16264,1148,5284,16556,5180,9756
16608,-4264,4804,16836,-9072,13012
16740,400,4656,10904,-13992,9232
15632,-3816,3824,14232,-3052,11500
15900,-3912,3176,10248,-1268,11576
16188,-1652,2236,12672,-7012,11304
17496,-1400,3548,14856,2988,13468
19284,-924,2408,14012,3624,6420
18748,400,1904,10596,-2168,4400
25556,6960,-4512,8752,10364,5820
22088,-11452,12852,15924,684,9396
10216,-3380,21140,14720,-1448,780
10524,1868,11764,16964,-960,2048
5572,-400,13124,14368,-1136,-1896
9728,-2012,13244,16292,344,1400
13516,4908,15740,16152,-312,-720
15036,-2196,13616,17344,-500,-1480
16648,3692,11240,16044,-2356,-1572
8944,-3416,9716,17344,-3108,-5004
32767,-25612,4424,25772,-19116,-11540
19108,-16948,10340,32767,8020,8920
13400,4932,5620,9956,2272,21736
15720,-7304,1720,3928,-8728,10332
14936,-12,-80,6324,604,14212
15288,-2848,4900,12904,-4024,10924
16324,-2076,5252,10960,-6028,10616
15780,-2008,4000,17380,836,9056
17376,632,3936,21052,-1896,2272
19320,-3552,-2788,6312,3604,-3096
27752,1428,-6664,32767,-14476,-11008
22772,-7864,5916,17728,2648,14152
12684,-10496,19048,15040,-7496,9344
10532,26800,13976,17820,-3112,6580
5444,-4944,14828,17072,7304,-68
8744,784,16024,16048,-3520,-2204
14304,3208,16872,16520,-6216,-368
16368,-244,17748,19540,372,-4132
11664,1916,9924,17580,-908,-1752
8924,-664,5496,18720,-2996,-156
32767,3856,-8660,22552,-8692,-4940
18280,-12520,7944,24368,2828,240
13020,5416,1584,20272,2796,8468
14744,-9316,616,7140,-5908,11044
14988,-2176,-804,9844,3432,12288
14792,-3440,992,9660,-4660,11724
21740,-480,7364,10172,-3972,12916
15980,-2740,3596,13912,-3600,12672
16832,-2548,3096,19944,400,5852
18000,-976,2376,7404,-5320,1552
18416,-72,-44,13480,-500,7256
24316,6004,-3304,7916,-600,1592
26700,-23124,17232,16620,1808,12396
7004,4776,16232,15796,2600,5336
6424,-416,12968,16320,576,668
6560,3260,12752,16636,2100,1852
8988,4704,11260,15396,1112,1464
12780,3940,14056,16996,-428,1852
15952,-2404,11732,16400,1316,2208
18400,348,6524,20056,160,-1852
7308,-3628,5164,19432,-4976,-1264
27912,-11776,5436,29120,-13292,-14656
20148,-9472,9412,25188,4916,9916
13428,-656,5280,15368,12196,8812
16036,-3724,-552,12448,-4552,6912
14652,-2636,156,7960,1292,11368
15556,-1312,3208,11608,180,12556
15440,-1860,3396,10100,-588,12856
16632,-3756,3040,14652,-5248,13944
16656,-1044,2656,19464,-364,7928
17200,2208,3856,7152,-476,-3912
20536,1536,-1784,32767,-5576,-23544
25928,6540,-4480,14860,-13960,5480
22708,-13752,11852,16916,-8668,4792
9240,32767,11900,22700,19736,2484
6812,-2664,15616,14656,-7564,3656
6064,540,14920,17784,2948,860
9448,1488,15652,15976,-856,12
18596,2132,14412,21304,1020,1008
18576,1828,8844,16440,-1220,-2544
13544,-3536,6396,18444,-1840,616
32767,-2772,-1180,21188,-4420,-3152
18488,-500,5180,23800,-6504,-8224
14612,8028,-1152,29716,7892,9548
15544,-8324,-648,12356,-7504,8284
15940,-3536,32,9884,-724,11232
15268,-3228,4516,9996,-2220,11844
17328,-1808,5992,9200,-7000,12884
16600,-1884,3780,13876,-4300,13836
16584,-1164,4248,18900,1800,8972
16388,-272,2112,8928,-5852,1132
17560,-1744,2824,12388,3992,3504
21864,5176,-2624,32767,-16808,-32768
23652,1864,-4412,15484,-10880,-532
20544,-16856,12248,19952,-528,6500
13992,5716,13964,18188,3072,5252
5236,2560,12412,15240,-168,760
8044,-1068,15624,15812,-260,1400
14144,2176,16652,13512,-2900,3300
17024,-728,13420,16620,736,2452
4472,3380,-676,17740,-2412,4624
12048,-6656,10188,20080,-2504,-4672
12668,-9480,6988,23436,-13552,204
16992,-2552,9664,21856,4400,-1268
15324,-468,9868,15992,5232,6684
16796,-320,5176,12532,-11340,8012
16704,-1984,2752,8876,-3688,11680
16924,-2148,3940,11308,-1708,12320
15316,-2040,4784,11452,-4368,14092
15668,-2224,3168,16348,5780,12280
15540,880,7212,10924,-11788,5128
14016,-1832,5308,9472,3092,4544
21896,-1248,7872,5252,4060,4216
18996,-4444,13508,22720,12084,12940
10536,5252,15376,17908,-1688,2776
6924,-6036,12008,17472,-1204,3064
9908,17352,15084,16916,336,108
8680,-1380,16272,14504,-5988,628
12380,4448,13568,16164,-1004,284
11988,4596,13384,16840,-1208,5308
12020,412,12884,16724,-3484,3892
12044,1568,13152,16312,-1688,2036
11328,2152,12480,16000,-2064,2224
11816,88,12640,16544,-412,1532
12240,-1668,12904,16360,-464,444
11528,-688,12800,16640,-1816,2716
11160,-1900,13732,16072,-1408,3036
11336,-16,12428,16768,1996,3500
12728,-1500,11400,16120,-2920,2380
12836,844,10036,16848,3692,2544
7428,6312,16452,16944,632,1480
7216,-2860,6448,22404,-9872,3232
9680,8272,9440,19136,4780,60
14680,-11144,11024,17040,6228,5888
12088,-1844,10732,12120,5800,9576
14292,-3972,10416,14656,8716,8144
13624,-2352,9884,14740,3232,8316
13516,-3856,8912,14924,-216,6092
14612,-3248,8260,16068,-1224,4824
14056,-4188,8276,17072,-2668,3432
14484,-3244,7152,16340,-3704,2456
13388,-560,7736,15796,-4372,4420
14928,-7044,7388,15108,-2712,1796
16188,312,4496,14596,-5692,1544
17704,-292,3236,13716,-4884,2572
17352,-2312,5032,21636,-9916,-2568
17732,5960,-144,8844,-8624,-248
20140,-3036,6216,17828,212,5528
17432,-1216,15160,17268,760,2096
13348,2804,12548,16440,-2660,2812
8732,2636,10288,16400,-884,1956
9600,1856,11228,16056,-4360,2296
12128,5320,12032,16036,-2480,4212
14604,2528,13136,15452,156,2252
20644,-2248,10076,18712,-1248,-2096
14004,3552,7112,18604,-3452,-1908
12564,-2504,5004,17524,-2016,32
31512,-5796,-3796,18716,-6716,-2700
16692,3244,944,20424,-13012,-7300
15732,-4220,904,30564,5108,7572
15864,-2548,2300,12624,1844,21532
16292,-2644,1844,11228,-3256,11040
15428,-2680,1316,7976,-3036,10672
14988,-4416,3056,10884,-4812,12264
15652,-1024,4748,15416,-4852,9700
17568,-2168,5232,18816,-132,5992
18320,-984,-476,7200,-72,1260
20688,2180,620,12128,1920,8516
24752,3836,-6188,-3284,-5816,4968
21596,-8532,16080,18724,3936,13284
7524,-2808,18564,14920,-1004,9652
8524,2488,14304,15232,-5788,4024
5876,1776,12720,17488,2728,3404
8300,3972,13360,14996,-4980,-716
12352,3972,15100,14368,2444,-984
16612,-2036,13144,17356,-2084,-636
16712,1652,8840,18452,-1904,-1816
9308,-4936,4096,17760,-2684,-2692
31360,-14472,6244,23444,-5412,-5132
17372,-3704,7544,22180,-5240,412
14700,-2500,120,20844,8204,7652
14344,-4344,-1356,10220,-7288,10964
15280,-3124,1504,8164,1956,12000
15236,-3624,3608,11304,-1436,12580
16188,-2168,5664,12336,-6364,10696
15364,-3528,3588,15812,-2396,10172
16884,3492,4056,16276,-796,7472
16316,-5264,2032,16124,-2472,1688
18676,3776,2164,8052,208,-3108
23196,300,-2568,16044,1248,15436
26080,4264,-5912,2284,-10836,7584
26224,-25240,10812,23704,7176,8384
8160,1256,13472,20116,1056,2540
7048,-496,13708,16236,1684,1668
8760,552,12992,15884,404,1640
10140,80,15080,17084,308,-1776
14580,2844,16320,14340,-1768,-2892
19132,-2068,10004,16548,-1764,-1572
9388,1084,2900,20676,-1596,-3636
32767,-14800,6096,23724,-8732,-10176
13952,-9352,7532,22676,6676,-3128
12416,4440,2980,22808,10748,4996
16348,-8392,972,13628,-11404,7196
15488,-2344,2756,7880,-1076,11892
15840,-1516,7016,11380,-4372,12960
15828,-3268,3396,13516,-4356,12796
15356,-4540,2008,16216,-1328,9940
18448,68,636,6480,-92,4604
22832,4684,-7268,10432,-200,12452
27104,-1276,2684,3164,-9944,4452
15584,-19200,12600,21900,4412,15768
9420,2744,14872,20500,9732,8848
5028,3412,14140,16892,-3588,496
3400,2360,14080,18040,3080,5192
10572,3340,16976,17244,-1748,92
21828,652,12068,8892,1276,-84
11172,-424,5348,17520,-3036,-3904
32767,-3628,-9068,19900,-11016,-3800
17404,19204,5768,32528,8400,-6360
17320,5148,7436,18956,14700,10776
16600,-1392,3296,8624,-7044,10208
16976,-2008,400,7828,-768,10400
13664,-1640,4404,11764,4204,13752
13972,-2064,6244,12220,-6700,13508
14796,-3552,4108,13244,-448,10096
17116,-1080,3264,15452,-84,5624
14560,1068,9104,12208,-2008,1456
19544,4644,-720,17540,-3648,-3676
22844,-1072,15924,14408,-3860,13096
9760,-15048,22484,20352,-7024,7892
9036,6348,9320,18692,9100,1068
9232,-1788,12584,14928,-6128,-1984
9504,-6792,17100,16252,3120,-3400
13696,5872,12200,15664,-4880,-380
12004,-6452,7668,16388,164,364
10776,1932,9736,16336,-3432,972
20356,-5904,3208,16756,516,-3620
16500,-936,3204,15576,-3976,-3848
15144,-960,-836,19664,660,2552
15944,-2552,1584,17580,-1992,1956
16508,-2264,2740,17184,-1084,4676
16632,-128,3152,15248,-1528,4416
16220,-1920,2244,15932,-1596,3992
16152,-284,2792,16312,-2712,3488
16424,-1612,3952,15192,-2012,3116
16476,-240,4092,16048,-476,4728
16528,-764,4036,14696,-4148,4456
